CN00101T,8,Analyse filmique et stylistique,1
CN00102T,4,Cinéma de genre ou auteur,1
CN00105T,3,Métiers du cinéma 1 et Méthodologie,1
CN00201T,8,Cinéma muet,1
CN00202T,4,Cinéma et Littérature 1,1
CN00205T,3,Métiers du cinéma 2,1
CA00501,6,Expression audiovisuelle,2
CA00502,6,Processus de réalisation,2
CA00601,6,Sciences fondamentales,2
CA00602,6,echnologie générale,2
APA0101T,8,Projet de Design,3
APA0102T,4,Dessin,3
APA0203T,8,Histoire et Théorie du Design,3
APA0204T,4,Philosophie de l'Art,3
ACD0101T,8,Culture chorégraphique et circassienne 1,4
ACD0102T,4,Pratique scénique danse et cirque,4
AC00201T,8,Communication et culture 1,4
AC00202T,4,Sémiologie des images,4
ACT0101T,8,Théâtre : histoire et dramaturgies,5
ACT0102T,4,Études visuelles 1,5
AC00201T,8,Communication et culture,5
AC00202T,4,Sémiologie des images,5
AP00101T,8,Ateliers de pratique artistique,6
AP00102T,4,Pratique plastique contemporaine,6
AP00203T,8,Théories de l'art : Histoire de l'Art et Analyse des Arts,6
AP00204T,4,Théorie de l'art : Philosophie de l'Art,6
HI00301T,8,Mondes grec et romain,7
HI00302T,4,Histoire de la France moderne,7
HI00401T,8,Histoire de la civilisation médiévale,7
HI00402T,4,Histoire de la France au XXe siècle,7
HIAN101T,8,Initiation aux études historiques 1A,8
HIAN102T,4,Initiation aux études historiques 1B,8
HIAN205T,8,Accompagnement et méthodologie,8
HIAN301T,8,Mondes grecs et romains anciens,8
HIES101T,8,Initiation aux études historiques 1A,9
HIES102T,4,Initiation aux études historiques 1B,9
HIES201T,8,Initiation aux études historiques 2A,9
HIES202T,4,Initiation aux études historiques 2B,9
AC00101T,8,Communication et médias 1,10
AC00102T,4,Introduction aux industries culturelles,10
AC00105T,8,Accompagnement de projet et méthodologie,10
AC00201T,4,Communication et culture 1,10
AM00101T,8,Bibliothèques, maisons d'édition et librairies aujourd'hui,11
AM00102T,4,Archives et documentation audiovisuelle aujourd'hui,11
AM00201T,8,Documents : livres, périodiques, archives, images,11
AM00202T,4,Les documents en contexte numérique / Droit de la culture,11
LC00101T,8,Langue, littérature et civilisation latines 1,12
LC00102T,4,Langue, littérature et civilisation grecques 1,12
LC00201T,8,Langue, littérature et civilisation grecques 2,12
LC00202T,4,Langue, littérature et civilisation latines 2,12
